--
-- PostgreSQL database dump
--

\restrict zahClY9v8QDyCH0agke4ziMSGmovgBN06khJFhT06ShKAniKDBv8zLEne09FiJI

-- Dumped from database version 16.10
-- Dumped by pg_dump version 16.10

SET statement_timeout = 0;
SET lock_timeout = 0;
SET idle_in_transaction_session_timeout = 0;
SET client_encoding = 'UTF8';
SET standard_conforming_strings = on;
SELECT pg_catalog.set_config('search_path', '', false);
SET check_function_bodies = false;
SET xmloption = content;
SET client_min_messages = warning;
SET row_security = off;

SET default_tablespace = '';

SET default_table_access_method = heap;

--
-- Name: product_categories; Type: TABLE; Schema: public; Owner: productuser
--

CREATE TABLE public.product_categories (
    id bigint NOT NULL,
    category_name character varying(255)
);


ALTER TABLE public.product_categories OWNER TO productuser;

--
-- Name: product_categories_id_seq; Type: SEQUENCE; Schema: public; Owner: productuser
--

ALTER TABLE public.product_categories ALTER COLUMN id ADD GENERATED BY DEFAULT AS IDENTITY (
    SEQUENCE NAME public.product_categories_id_seq
    START WITH 1
    INCREMENT BY 1
    NO MINVALUE
    NO MAXVALUE
    CACHE 1
);


--
-- Name: products; Type: TABLE; Schema: public; Owner: productuser
--

CREATE TABLE public.products (
    product_id character varying(255) NOT NULL,
    product_description character varying(255),
    product_name character varying(255),
    productorigin_country character varying(255),
    category_id bigint
);


ALTER TABLE public.products OWNER TO productuser;

--
-- Name: reviews; Type: TABLE; Schema: public; Owner: productuser
--

CREATE TABLE public.reviews (
    id bigint NOT NULL,
    created_at timestamp(6) without time zone,
    product_id character varying(255),
    review_description character varying(255),
    review_star integer NOT NULL,
    review_title character varying(255),
    updated_at timestamp(6) without time zone,
    reviewer character varying(255)
);


ALTER TABLE public.reviews OWNER TO productuser;

--
-- Name: reviews_id_seq; Type: SEQUENCE; Schema: public; Owner: productuser
--

ALTER TABLE public.reviews ALTER COLUMN id ADD GENERATED BY DEFAULT AS IDENTITY (
    SEQUENCE NAME public.reviews_id_seq
    START WITH 1
    INCREMENT BY 1
    NO MINVALUE
    NO MAXVALUE
    CACHE 1
);


--
-- Name: users; Type: TABLE; Schema: public; Owner: productuser
--

CREATE TABLE public.users (
    id bigint NOT NULL,
    created_at timestamp(6) without time zone,
    email character varying(255),
    password character varying(255),
    role character varying(255),
    updated_at timestamp(6) without time zone,
    username character varying(255)
);


ALTER TABLE public.users OWNER TO productuser;

--
-- Name: users_id_seq; Type: SEQUENCE; Schema: public; Owner: productuser
--

ALTER TABLE public.users ALTER COLUMN id ADD GENERATED BY DEFAULT AS IDENTITY (
    SEQUENCE NAME public.users_id_seq
    START WITH 1
    INCREMENT BY 1
    NO MINVALUE
    NO MAXVALUE
    CACHE 1
);


--
-- Data for Name: product_categories; Type: TABLE DATA; Schema: public; Owner: productuser
--

COPY public.product_categories (id, category_name) FROM stdin;
1	Laptops
4	Sweets
5	Clothing
6	Fruits
7	Bottles
8	Furniture
9	Kitchen Cleaners
10	Bathroom Cleaners
11	Cheese
13	Mobile Phones
14	Headphones
15	Televisions
16	Tablets
17	Smartwatches
18	Printers
19	Monitors
20	Cameras
21	Gaming Consoles
22	Shoes
23	Sports Equipment
24	Stationery
25	Books
26	Magazines
27	Newspapers
28	Tea
29	Coffee
30	Juices
31	Soft Drinks
32	Energy Drinks
33	Alcoholic Beverages
34	Snacks
35	Biscuits
36	Chips
37	Dry Fruits
38	Vegetables
39	Spices
40	Cooking Oil
41	Rice
42	Pulses
43	Bread
44	Eggs
45	Meat
46	Fish
47	Frozen Foods
48	Cereals
49	Yogurt
50	Butter
51	Ice Cream
52	Sauces
53	Pickles
54	Personal Care
55	Shampoos
56	Soaps
57	Toothpaste
58	Skin Care
59	Makeup
60	Perfumes
61	Deodorants
62	Hair Oil
63	Baby Products
64	Diapers
65	Toys
66	Board Games
67	Pet Food
68	Pet Accessories
69	Car Accessories
70	Bike Accessories
71	Gardening Tools
72	Seeds
73	Plants
74	Home Decor
75	Lighting
76	Bedding
77	Curtains
78	Carpets
79	Cookware
80	Cutlery
81	Plates
82	Glasses
83	Bowls
84	Cleaning Tools
85	Detergents
86	Laundry Products
87	Disinfectants
88	Toilet Cleaners
89	Handwash
90	Sanitizers
91	Medicines
92	First Aid
93	Supplements
94	Vitamins
95	Health Drinks
96	Fitness Equipment
97	Weights
98	Yoga Mats
99	Camping Gear
100	Travel Bags
101	Suitcases
102	Backpacks
\.


--
-- Data for Name: products; Type: TABLE DATA; Schema: public; Owner: productuser
--

COPY public.products (product_id, product_description, product_name, productorigin_country, category_id) FROM stdin;
p002	High-performance ultrabook	Dell XPS 15	USA	1
p004	Classic milk chocolate	Cadbury Dairy Milk	UK	4
p005	Premium hazelnut chocolates	Ferrero Rocher	Italy	4
p007	Casual sportswear hoodie	Nike Hoodie	Vietnam	5
p009	Premium Indian mangoes	Alphonso Mango	India	6
p010	Insulated water bottle	Milton Thermosteel	India	7
p011	Wooden king size bed	Ikea Bed	Sweden	6
p012	Multipurpose surface cleaner	Harpic All-in-One	India	7
p013	Disinfectant bathroom cleaner	Domex Blue	UK	8
p014	Parmesan cheese block	Parmesan	Italy	9
p015	Flagship Android phone	Samsung Galaxy S23	South Korea	10
p016	Wireless noise-cancelling headphones	Sony WH-1000XM5	Japan	11
p018	10-inch Android tablet	Lenovo Tab M10	China	13
p019	Fitness smartwatch	Apple Watch Series 9	USA	14
p020	High-speed inkjet printer	HP DeskJet 4155e	USA	15
p021	27-inch UHD Monitor	Dell UltraSharp U2723QE	USA	16
p022	Professional DSLR camera	Canon EOS R6	Japan	17
p023	Next-gen gaming console	PlayStation 5	Japan	18
p024	Running shoes	Adidas Ultraboost	Vietnam	19
p025	Premium leather football	Adidas Brazuca	Pakistan	20
p026	Ballpoint pen set	Parker Pen	France	21
p027	Best-selling fantasy novel	Harry Potter	UK	22
p028	Weekly fashion magazine	Vogue	USA	23
p029	Organic green tea pack	Tata Tea Premium	India	25
p030	Premium roasted coffee	Nescafe Gold	Switzerland	26
p031	100% pure orange juice	Tropicana Orange	USA	27
p032	Sparkling soda drink	Coca-Cola	USA	28
p033	High-energy sports drink	Red Bull	Austria	29
p034	Classic lager beer	Heineken	Netherlands	30
p035	Salted potato chips	Lay’s Classic	USA	32
p036	Roasted cashews	Haldiram’s Cashews	India	34
p037	Fresh organic spinach	Spinach Leaves	India	35
p038	Indian curry spice mix	MDH Masala	India	36
p039	Extra virgin olive oil	Bertolli Olive Oil	Italy	37
p040	Basmati rice 5kg pack	India Gate Rice	India	38
p041	Yellow split lentils	Toor Dal	India	39
p042	Whole wheat bread	Britannia Bread	India	40
p043	Farm-fresh eggs	Brown Eggs	India	41
p044	Frozen chicken breasts	Tyson Chicken	USA	42
p045	Atlantic salmon fillets	Norwegian Salmon	Norway	43
p046	Breakfast cornflakes	Kellogg’s Cornflakes	USA	45
p047	Creamy plain yogurt	Amul Masti Dahi	India	46
p048	Salted butter pack	Amul Butter	India	47
p049	Chocolate ice cream tub	Ben & Jerry’s	USA	48
p050	Tomato ketchup	Heinz Ketchup	USA	49
\.


--
-- Data for Name: reviews; Type: TABLE DATA; Schema: public; Owner: productuser
--

COPY public.reviews (id, created_at, product_id, review_description, review_star, review_title, updated_at, reviewer) FROM stdin;
3	2025-09-08 13:22:44.667871	p001	updated review- fantastic laptop	5	good laptop!!	2025-09-08 13:24:25.087038	\N
4	2025-09-09 12:24:36.591698	p001	good gaming laptop new review 9 sept	2	good laptop!!	2025-09-09 12:24:36.591698	\N
5	2025-09-09 17:50:41.716651	p001	good gaming laptop new review 9 sept 7 pm	2	good laptop!!	2025-09-09 17:50:41.716651	\N
6	2025-09-09 18:17:11.637319	p001	ok laptop new review 9 sept 8.17 pm	2	ok performance!!	2025-09-09 18:17:11.637319	kalpaj
7	2025-09-09 18:20:26.539915	p005	sehr gut und lecker shokolade	2	lecker	2025-09-09 18:20:26.539915	kalpaj
8	2025-09-12 12:03:57.080302	p002	ideal for gaming	4	super fast	2025-09-12 12:03:57.080302	kalpaj
9	2025-09-12 12:05:34.771739	p002	good for coding	3	nice	2025-09-12 12:05:34.771739	mike
\.


--
-- Data for Name: users; Type: TABLE DATA; Schema: public; Owner: productuser
--

COPY public.users (id, created_at, email, password, role, updated_at, username) FROM stdin;
1	2025-09-09 11:51:51.714565	mike@gmail.com	$2a$10$Bou.4outy7rvGVJhOlGgxOTWVfYMNsP3RR3pCgjS3mIlQAzy.jZym	seller	2025-09-09 11:51:51.714565	mike
2	2025-09-09 18:16:03.443148	kalpaj@gmail.com	$2a$10$yq0oQbCehkYmrfQqIGezEu5EoKWwOAh4VcVaNlG5iEXrOVkqPUBdG	customer	2025-09-09 18:16:03.443148	kalpaj
\.


--
-- Name: product_categories_id_seq; Type: SEQUENCE SET; Schema: public; Owner: productuser
--

SELECT pg_catalog.setval('public.product_categories_id_seq', 102, true);


--
-- Name: reviews_id_seq; Type: SEQUENCE SET; Schema: public; Owner: productuser
--

SELECT pg_catalog.setval('public.reviews_id_seq', 9, true);


--
-- Name: users_id_seq; Type: SEQUENCE SET; Schema: public; Owner: productuser
--

SELECT pg_catalog.setval('public.users_id_seq', 2, true);


--
-- Name: product_categories product_categories_pkey; Type: CONSTRAINT; Schema: public; Owner: productuser
--

ALTER TABLE ONLY public.product_categories
    ADD CONSTRAINT product_categories_pkey PRIMARY KEY (id);


--
-- Name: products products_pkey; Type: CONSTRAINT; Schema: public; Owner: productuser
--

ALTER TABLE ONLY public.products
    ADD CONSTRAINT products_pkey PRIMARY KEY (product_id);


--
-- Name: reviews reviews_pkey; Type: CONSTRAINT; Schema: public; Owner: productuser
--

ALTER TABLE ONLY public.reviews
    ADD CONSTRAINT reviews_pkey PRIMARY KEY (id);


--
-- Name: product_categories uk8qke0hgn615tocrwf5gl0rcg; Type: CONSTRAINT; Schema: public; Owner: productuser
--

ALTER TABLE ONLY public.product_categories
    ADD CONSTRAINT uk8qke0hgn615tocrwf5gl0rcg UNIQUE (category_name);


--
-- Name: product_categories unique_category_name; Type: CONSTRAINT; Schema: public; Owner: productuser
--

ALTER TABLE ONLY public.product_categories
    ADD CONSTRAINT unique_category_name UNIQUE (category_name);


--
-- Name: users users_pkey; Type: CONSTRAINT; Schema: public; Owner: productuser
--

ALTER TABLE ONLY public.users
    ADD CONSTRAINT users_pkey PRIMARY KEY (id);


--
-- Name: products fk6t5dtw6tyo83ywljwohuc6g7k; Type: FK CONSTRAINT; Schema: public; Owner: productuser
--

ALTER TABLE ONLY public.products
    ADD CONSTRAINT fk6t5dtw6tyo83ywljwohuc6g7k FOREIGN KEY (category_id) REFERENCES public.product_categories(id);


--
-- PostgreSQL database dump complete
--

\unrestrict zahClY9v8QDyCH0agke4ziMSGmovgBN06khJFhT06ShKAniKDBv8zLEne09FiJI

